Tweet_count,Username,Text,Created_At,Retweets,Likes
1,Elon Musk,"The resemblance is uncanny ğŸ¤£ğŸ¤£

Alexandre de Voldemort https://t.co/IXR569y2qT",Sat Aug 17 16:42:45 +0000 2024,33843,294525
2,Elon Musk (Spoof),"Es histÃ³rico lo que estÃ¡ haciendo Maria Corina Machado. Probablemente estamos ante la mujer mÃ¡s valiente del siglo XXI. Inmensa e incomparable.

âœ…ï¸HASTA LA FINAL
VENEZUELA âœ…ï¸

ğŸ‡»ğŸ‡ª#HastaElFinalVenezuela #venezuela #SOSVenezuela #LibertadParaVenezuela #venezolanos https://t.co/E3BnpNKEbz",Sat Aug 17 18:00:21 +0000 2024,9937,29489
3,Elon Musk (Spoof),"Quiero hacer una encuesta de cuantas personas siguen apoyando a la Dama de Hierro MarÃ­a Corina Machado

Deja el hashtag en los comentarios (#HastaElFinalVenezuela) y demostremos al mundo que los venezolanos estamos mÃ¡s unidos que nunca

ğŸ‡»ğŸ‡ª#HastaElFinalVenezuela
#venezuela https://t.co/jsOENBtcUw",Fri Aug 16 14:48:13 +0000 2024,18216,87522
4,Elon Musk,Exactly,Sat Aug 17 19:29:43 +0000 2024,25982,108899
5,Elon Musk,Haters will say this is AI  ğŸ•ºğŸ•º https://t.co/vqWVxiYXeD,Wed Aug 14 15:24:30 +0000 2024,230151,1881660
6,Elon Musk,https://t.co/CvvNGcujVs,Sat Aug 17 02:46:55 +0000 2024,24850,268557
7,Elon Musk (Parody),I â¤ï¸ Japan https://t.co/UoOyO2Y24H,Fri Aug 16 18:53:30 +0000 2024,1608,22709
8,Elon Musk,"Inflation is caused by the Federal government spending more than it earns, because they just print more money to make up the difference. 

To solve inflation, reduce wasteful government spending. Your tax dollars should be spent well, not poorly.",Fri Aug 16 11:38:09 +0000 2024,136045,742778
9,Elon Musk,The memes know,Fri Aug 16 15:21:14 +0000 2024,92676,601608
10,DogeDesigner,"Thank you, Elon Musk and ğ•, for standing against censorship and being transparent by exposing the illegal demands of the Brazilian government to the public. https://t.co/npu54uRZ2D",Sat Aug 17 18:06:36 +0000 2024,3806,21263
11,Elon Musk,Accurate conclusion (read the whole post),Sat Aug 17 16:44:49 +0000 2024,19368,72888
12,James Melville ğŸšœ,Hereâ€™s a reminder of when Elon Musk pointed out some inconvenient truths to a BBC journalist in a debate about who are the arbiters of misinformation. https://t.co/kQu2VTm0Up,Fri Aug 16 12:53:28 +0000 2024,14994,59815
13,Igor Sushko,"Russia: ğŸ‰ Congratulations Elon Musk!
TikTok Kadyrov, a brutal mass murderer &amp; torturer, received his Tesla Cybertruck in Chechnya. https://t.co/Ttk9ErhsAI",Sat Aug 17 18:24:48 +0000 2024,1242,4452
14,Elon Musk,Always view to the source material,Fri Aug 16 11:59:10 +0000 2024,38495,178823
15,Elon Musk,Exactly,Fri Aug 16 11:41:30 +0000 2024,29965,115789
16,Elon Musk,"Kiss, kiss ğŸ”«ğŸ”«",Fri Aug 16 12:31:10 +0000 2024,22881,329587
17,Elon Musk,"These demands violate Brazilian, Argentinian and US law!",Sat Aug 17 03:41:14 +0000 2024,34577,150033
18,Elon Musk,No question that Moraes needs to leave. Having a â€œjusticeâ€ who repeatedly and egregiously violates the law is no justice at all.,Sat Aug 17 16:20:31 +0000 2024,19841,112644
19,TONYâ„¢,Are you thankful for Elon Musk? https://t.co/aB3iHemZlf,Sat Aug 17 03:42:49 +0000 2024,3164,23898
20,NOH8 Campaign,BREAKING: J.K. Rowling and Elon Musk named in cyberbullying lawsuit filed by #Olympic boxer Imane Khelif #NOH8 https://t.co/qYS0v7JKkx,Wed Aug 14 03:07:31 +0000 2024,500,2316
21,Pop Base,JK Rowling and Elon Musk have been named in cyberbullying lawsuit filed by Imane Khelif following her Olympic win. https://t.co/U1F7mmX1RI,Tue Aug 13 22:05:54 +0000 2024,13650,162945
22,Marjorie Taylor Greene Press Release (Parody),"If Elon Musk set up a weekly interview on ğ• with Donald Trump, would you BE THERE ? https://t.co/fTieJ7aRnE",Tue Aug 13 05:33:46 +0000 2024,1578,17735
23,Elon Musk,Found this pic of the UK justice system https://t.co/qD1LNwVme3,Sat Aug 10 15:14:07 +0000 2024,117027,902856
24,Pop Crave,J.K. Rowling and Elon Musk are named in a cyberbullying lawsuit filed by boxer Imane Khelif after her Olympic win. https://t.co/ZAu0VyXgBU,Tue Aug 13 21:52:33 +0000 2024,28581,315940
25,Not Elon Musk,Wow! Look at the drone footage of the line for today's Kamala Harris rally! https://t.co/KC7TbYRh36,Mon Aug 12 11:06:44 +0000 2024,3072,39280
26,Elon Musk,https://t.co/0vcCOU5ceE,Sat Aug 10 19:23:05 +0000 2024,227384,1065063
27,Elon Musk (Spoof),"""Anonymous sigue en pie de lucha contra el rÃ©gimen miserable de NicolÃ¡s Maduro, han prometido exponer y bloquear las cuentas bancarias de dinero robado a los venezolanos y sabotear los sistemas de la dictadura.""

ğŸ‡»ğŸ‡ªğŸ”¥Dale me gusta, comenta y comparte para que mÃ¡s personas lo https://t.co/EUdnKD0W9v",Sat Aug 10 21:56:10 +0000 2024,12110,52779
28,Culture Crave ğŸ¿,"Elon Musk and J.K. Rowling have been named in a cyberbullying lawsuit filed by Olympic champion Imane Khelif

(via @Variety) https://t.co/m7qM41hsL2",Tue Aug 13 22:02:02 +0000 2024,18269,221976
29,ONE,"A white man stabbed a woman and a child in London, UK today.

He got disarmed by a muslim (Abdullah), who is a hero!

Has anyone seen the Far Right, Tommy Robinson, Andrew Tate, and Elon Musk? https://t.co/rXj1DQH6uN",Mon Aug 12 15:07:03 +0000 2024,3700,13936
30,Â¿Por quÃ© es tendencia?,"""Make Argentina Great Again"":
Por los comentarios de Donald Trump y Elon Musk sobre Javier Milei https://t.co/sCwwdqLFaP",Tue Aug 13 02:45:52 +0000 2024,1479,12978
31,Not Elon Musk,"Be Honest!

Will you be watching me interview Trump tomorrow night?

A. Yes
B. No https://t.co/SR9sKJb0co",Sun Aug 11 19:56:50 +0000 2024,11561,163225
32,Elon Musk (Spoof),"Â¡Anonymous acaba de decir que vaciarÃ¡ las cuentas bancarias del dictador NicolÃ¡s Maduro!

â€œLimpiemos las cuentas bancarias. â€œSi apagamos las luces en Miraflores, derribaremos sus dronesâ€.

ğŸ‡»ğŸ‡ªğŸ”¥Me gusta, comenta y comparte para que mÃ¡s personas lo sepan.ğŸ”¥

#venezuela https://t.co/2PYmNCVmmi",Thu Aug 08 17:42:48 +0000 2024,22163,101200
33,Harry Sisson,Trumpâ€™s interview with Elon Musk tonight has been a DISASTER! He canâ€™t answer questions! He just rants and rambles incoherently. What a mess! https://t.co/AUDMPSRfvh,Tue Aug 13 01:35:15 +0000 2024,1019,5339
34,Edgar âœŸğŸ‡ªğŸ‡¦,"En su directo con Elon Musk, Donald Trump afirmÃ³ que si es elegido Presidente de Estados Unidos, intervendrÃ¡ militarmente Venezuela y sacarÃ¡ a NicolÃ¡s Maduro.

Hoy mÃ¡s que nunca, todos con Donald Trump. https://t.co/P7tPZ1FjOM",Tue Aug 13 06:09:25 +0000 2024,8897,40959
35,Elon Musk (Spoof),"ğŸ‡»ğŸ‡ªğŸ”¥Dale me gusta, comenta y comparte para que mÃ¡s personas lo descubranğŸ”¥ #venezuela #SOSVenezuela #FreedomForVenezuela #venezuelans #VenezuelaLibre #VenezuelaLibreDitador #VenezuelaLibreDitadorship #VenezuelaSeraLibre #VenezuelaLibreInformare #Caracas https://t.co/Zkbju0zZU0",Sun Aug 11 02:09:12 +0000 2024,7615,21983
36,Donald J. Trump - Parody,"ğŸš¨BREAKING: Elon Musk Says, Only US citizens should be allowed to VOTE in US ELECTIONS.

Do you agree Elon?

A. Yes 
B. No https://t.co/YQOO32K1Q8",Mon Aug 12 23:12:05 +0000 2024,895,5636
37,Elon Musk (Spoof),"ğŸ‡»ğŸ‡ªğŸ”¥Dale me gusta, comenta y comparte para que mÃ¡s personas lo descubranğŸ”¥

#HastaElFinalVenezuela
#venezuela #SOSVenezuela #LibertadParaVenezuela #venezolanos #VenezuelaLibre #VenezuelaLibreDitadorship #VenezuelaLibreInformare #Caracas https://t.co/RFhMJLjrNm",Sun Aug 11 12:26:41 +0000 2024,8712,26601
38,Not Elon Musk,"I just announced that my interview with TRUMP tomorrow night will be hosted live from HIS X ACCOUNT.

This will mark his official return to X.

Are you ready to have Trump back on this platform? https://t.co/wze6FWdsbv",Sun Aug 11 20:04:41 +0000 2024,8846,72003
39,Elon Musk (Spoof),#HastaElFinalVenezuela https://t.co/V7nl81WUDN,Sun Aug 11 17:27:42 +0000 2024,1382,12657
40,Figen,"Elon Musk over the years â€¦

 https://t.co/LXhMpizLD7",Sun May 12 14:00:39 +0000 2024,5164,36689
41,Â¿Por quÃ© es tendencia?,"""Elon Musk"" es tendencia porque aceptÃ³ caerse a coÃ±*azos con NicolÃ¡s Maduro: 

â€œSi yo gano, dimitirÃ¡ como dictador de Venezuela

Si Ã©l gana, le doy un viaje gratis a Marteâ€ https://t.co/6I4CibHDkZ",Wed Jul 31 18:18:37 +0000 2024,8362,47456
42,Roi Lopez Rivas,"Elon Musk le creÃ³ y le verificÃ³ una cuenta a Edmundo GonzÃ¡lez Urrutia y este la denuncia.

AsÃ­ de tÃ­tere del imperialismo es. https://t.co/sSLRn6vRDy",Fri Aug 02 13:29:56 +0000 2024,2440,4150
43,Elon Musk (Dog),"Do you believe Jesus is God?

A. Yes 
B. No https://t.co/T0Sy3q3Vv9",Sun Aug 04 15:32:06 +0000 2024,2165,33605
44,Elon Musk (Dog),"DO YOU BELIEVE IN JESUS CHRIST?

A. Yes 
B. No https://t.co/U6x805Yc1b",Thu Aug 01 16:31:32 +0000 2024,928,16005
45,Anonymous,"Elon keeps posting misinformation.
Elon Musk reposts fake news headline in latest misinformation incident: https://t.co/Ybr56heGTQ https://t.co/6sx9s6joV2",Thu Aug 08 14:45:32 +0000 2024,807,1745
46,TheRealThelmaJohnson,"Someone needs to tell Elon Musk that the hair transplant, the jawline surgery and the supplemental testosterone he has talked about are all examples of gender-affirming care. https://t.co/h7DpggzCzw",Fri Aug 02 21:40:59 +0000 2024,37268,288985
47,Not Elon Musk,"IMPORTANT POLL

Do you think this election actually matters for the future of the United States?

YES or NO https://t.co/f9wUDpp3qi",Thu Aug 08 11:46:45 +0000 2024,1106,8615
48,ElBuni,"Maduro y Diosdado cabello dicen que Israel, elon musk y milei quieren invadir Venezuela para poner un laboratorio de armas bioquimicas kjjj

flashearon resident evil https://t.co/yriZ7PUo1q",Thu Aug 01 02:57:08 +0000 2024,7216,51937
49,Elon Musk (Spoof),"""Unos periodistas k ""viajaron"" a Venezuela para mostrar que es mentira que hay dictadura
Ayer de casualidad Aparecieron en primera fila en el programa de empleados de Nicolas maduro""

ğŸ‡»ğŸ‡ªğŸ”¥dale me gusta, comenta y comparte para que mÃ¡s personas lo sepan.ğŸ”¥

#venezuela https://t.co/Ornzwib0Qg",Thu Aug 08 17:37:52 +0000 2024,2729,4580
50,Fdesouche.com est une revue de presse,"Elon Musk sur la sÃ©quence polÃ©mique de la CÃ¨ne du Christ version drag queens des JO : ""C'Ã©tait extrÃªmement irrespectueux envers les chrÃ©tiens""

#Paris2024 #ceremoniedouverture #OpeningCeremony https://t.co/TK1L2dqAHT",Fri Jul 26 22:19:37 +0000 2024,4289,14615
51,matt,"i am so distraught that the most privileged people alive can start a global witch hunt against a woman for being insufficiently feminine. jk rowling, logan paul, elon musk. braindead, morally bankrupt people who traumatized someone 4 life and will wake up tomorrow and get coffee",Sat Aug 03 02:34:38 +0000 2024,16720,122510
52,Anonymous,"It's fucking crazy that in this day and age, on this social media platform a [h]activist group has to stand up and try to be the voice of reason against disinformation agents like Elon Musk, MTG and Donald Trump.
#Anonymous",Thu Aug 01 17:58:59 +0000 2024,1578,9851
53,evan loves worf,Elon Musk is accusing Megan Fox of being a child abuser because her kids look weird to him. Meanwhile he just publicly abused one of the 12 children who he never actually sees https://t.co/uXqeYUb5Iw,Mon Jul 29 20:15:50 +0000 2024,5799,99041
54,Anonymous,"Hey Elon, 

Buckle up, Buttercup. 
https://t.co/MYljyxbgUn",Sun Aug 04 20:37:59 +0000 2024,4831,30953
55,Anonymous,"When the ultra-rich start influencing politics, those people are called oligarchs.  Elon Musk in every sense of the word is an oligarch.",Tue Aug 06 14:38:26 +0000 2024,3874,20139
56,Anonymous,"Billionaire Elon Musk, involved in election rigging, funneling money to Trump, pushing an agenda of hate - he is an agent of chaos.
He's definitely an immigrant that is trying to destroy the country for his own personal gain. https://t.co/KGYLMOHWkl",Mon Aug 05 11:47:15 +0000 2024,8190,38126
57,Elon Musk (Parody),Turkey isnâ€™t messing around at the Olympics https://t.co/qD6SQrztqH,Thu Aug 01 15:36:05 +0000 2024,10226,251552
58,Elon Musk (Parody),The world needed this edit ğŸ™ https://t.co/ynMCeNs01G,Fri Aug 02 06:53:37 +0000 2024,2844,80005
59,Memes Universidad Nacional,"Maduro Bloqueo a Elon Musk, pero se le olvido que Musk tiene permisos de Master Admin, y lo se desbloqueo para seguir jodiÃ©ndolo Jajajajajajajajajajaja ğŸº https://t.co/oY4E2Yh66C",Thu Aug 01 21:24:34 +0000 2024,16938,144917
60,cynara menezes ğŸ§˜ğŸ»â€â™€ï¸,"por que elon musk estÃ¡ preocupado com o brasil?
sÃ³ otÃ¡rio acredita que Ã© a ""liberdade de expressÃ£o"" https://t.co/WvmDTldHDn",Tue Apr 09 10:55:30 +0000 2024,1316,9278
61,Felipe Neto ğŸ¦‰,"Elon Musk acabou de dizer q Alexandre de Moraes tirou Lula da cadeia e fez ele ganhar as eleiÃ§Ãµes.

O Quico dos Foguetes estÃ¡ surtado e tentando desesperadamente se agarrar a todas as mentiras q encontra pela frente.

Um mentiroso contumaz, agente da extrema-direita. https://t.co/9fQwa8aUqu",Tue Apr 09 01:05:15 +0000 2024,2366,21906
62,Pedro Ronchi,Elon Musk vai fazer alguma crÃ­tica quanto a isso? https://t.co/tMlTt6V6wr,Sat Apr 06 23:36:21 +0000 2024,414,2869
63,Hombre Gris,CampaÃ±a masiva de COMENTARIOS si queres que Elon Musk compre C5N y raje a todos los operadores y ratas kirchneristas. ğŸ‘‡ğŸ»ğŸ”¥ https://t.co/94iu8ow1q3,Sat Apr 13 16:38:04 +0000 2024,1018,5578
64,Hombre Gris,ğŸš¨ BOMBAZO URGENTE DE ELON MUSK: â€œRecomiendo invertir en Argentinaâ€. ğŸ”¥ğŸ”¥. Deja tu â€œSiâ€ si estÃ¡s de acuerdo con Elon MuskğŸ‘‡ğŸ» https://t.co/5CdfvU8MA7,Tue May 07 01:56:34 +0000 2024,540,3305
65,CHOQUEI,"ğŸš¨MUNDO: O vÃ­deo de Gisele BÃ¼ndchen pedindo ajuda para o povo do Rio Grande do Sul chegou atÃ© Elon Musk, que se prontificou a disponibilizar sinal de Wi-Fi totalmente GRÃTIS na regiÃ£o. https://t.co/hw86oa716k",Thu May 09 15:10:12 +0000 2024,297,7338
66,Bolsonaro Oficial-EU APOIOğŸ‡§ğŸ‡·,"Se vocÃª estÃ¡ do lado de Elon Musk, deixe uma bandeira do Brasil nos comentÃ¡riosâ€¦ https://t.co/jsVq1XNr5W",Tue Apr 09 03:34:48 +0000 2024,4537,71923
67,Gustavo Gayer,"Elon Musk fala sobre Moraes e revela algo surpreendente 
EstÃ¡ na hora do senado tomar uma atitude https://t.co/M6pwKoRCIy",Mon Apr 08 17:28:06 +0000 2024,7157,30466
68,Nikolas Ferreira,"ğŸ‡§ğŸ‡· Provas da censura: Fui uma das vÃ­timas de Alexandre de Moraes em 2023, quando minhas redes sociais foram bloqueadas por ordem dele. Elon Musk disse que hÃ¡ outras milhares de decisÃµes ilegais por parte do ministro do STF. Estarei aguardando.

ğŸ‡ºğŸ‡¸ Censorship proofs: I was one of https://t.co/iTHJGAOVHi",Fri Apr 12 15:52:00 +0000 2024,10958,43376
69,Jornal RazÃ£o,"ğŸš¨ AGORA: Elon Musk acaba de anunciar a doaÃ§Ã£o de 1.000 antenas da Starlink Ã s centenas de municÃ­pios gaÃºchos que sofrem com a pior enchente da histÃ³ria do Rio Grande do Sul. 

Recentemente, o PSOL tentou banir a operaÃ§Ã£o da Starlink no Brasil. Internet da empresa de Elon Musk Ã© https://t.co/C2NAI8cyGo",Thu May 09 13:53:46 +0000 2024,644,2666
70,Felipe Neto ğŸ¦‰,"Elon Musk estÃ¡ muito preocupado com o racismo..........

CONTRA OS BRANCOS!

Ele posta sobre isso o tempo todo hÃ¡ alguns anos. TambÃ©m vale ressaltar q esse lunÃ¡tico do vÃ­deo Ã© um mentiroso e teÃ³rico da conspiraÃ§Ã£o tÃ£o grande q conseguiu ser demitido da FOXNEWS! https://t.co/pSfmWiHDIq",Thu Apr 25 15:53:45 +0000 2024,448,4024
71,DIRETO DO MIOLO,"ğŸš¨AGORA: Para eliminar bots, Elon Musk anuncia que em breve o Twitter/X irÃ¡ inserir uma 'pequena taxa' para novos usuÃ¡rios da plataforma.

Se nÃ£o pagar a taxa, novos usuÃ¡rios nÃ£o poderÃ£o postar, responder, curtir ou marcar, apenas navegar e seguir gratuitamente. https://t.co/kj5wcMR167",Mon Apr 15 19:18:40 +0000 2024,485,9922
72,Pampaâ­ï¸â­ï¸â­ï¸,"Milei con Elon Musk.

AutomÃ¡ticamente un niÃ±o del Chaco: https://t.co/FeEs6Ea4H9",Fri Apr 12 17:36:34 +0000 2024,970,12499
73,Ana Paula Henkel,"Elon Musk afirmou hoje que ordens para bloquear perfis de membros do Congresso e grandes jornalistas vieram de Alexandre de Moraes. 

Moraes teria ordenado nÃ£o apenas o bloqueio destes perfis, mas que o Twitter assumisse a responsabilidade pelo banimento com a justificativa de https://t.co/PNINiNAr6f",Mon Apr 08 19:11:50 +0000 2024,12492,60697
74,Republicans against Trump,This is why Elon Musk canceled Don Lemon's contract  https://t.co/1uKmIPgu9W,Tue Mar 19 15:41:16 +0000 2024,2257,12165
75,Nikolas Ferreira,"Elon Musk:  â€œUnless an account hasâ€¦ actually broken the law, then they should not beâ€¦suspendedâ€. I agree with that. https://t.co/4pdBKWO842",Thu Apr 11 04:08:37 +0000 2024,3479,23252
76,Gustavo Gayer,URGENTE! Elon Musk Ã© convocado a depor contra Moraes no congresso americano https://t.co/P31vhpvtrl,Thu Apr 18 17:39:00 +0000 2024,8392,44258
77,PatrÃ­cia,"Chega de falar de Alexandre de Moraes, Elon Musk, politica, ditadura judiciaria e zilionarios. O assunto agora Ã© musica classica  :) https://t.co/kBVE7rFUgm",Thu Apr 11 12:03:40 +0000 2024,1511,7768
78,thiago,"Lista de aÃ§Ãµes do Governador Eduardo Leite para lidar com as enchentes:

1 - Cobrar Lula no Twitter
2 - Mudar foto de perfil na rede social fazendo cosplay de Zelensky
3 - Pedir 19 bilhÃµes de reais do Lula (e ganhar 50 bilhoes)
4 - Twittar em inglÃªs agradecendo o Elon Musk

... https://t.co/rk9gybokBM",Thu May 09 17:20:21 +0000 2024,8287,55594
79,Historic Vids,Elon Musk explains the best way to teach kids. https://t.co/Kx9WrDOjQH,Fri May 10 01:39:00 +0000 2024,2073,12394
80,âšœï¸ğŸ’ Queen KaterinağŸ’âšœï¸,"Do you support Elon Musk funding the massive lawsuit against Disney for wrongful termination of Conservative actress Gina Carano?

If so, I want to follow you back! ğŸ‡ºğŸ‡¸ https://t.co/5royVXDwGN",Wed Feb 07 02:23:02 +0000 2024,958,4667
81,Anonymous,"Fuck Vladimir Putin.
Fuck Donald Trump.
Fuck Elon Musk.
Fuck Tucker Carlson.
Fuck MAGA.
Fuck Fascism. https://t.co/NyhWDnTvBq",Fri Mar 01 13:36:31 +0000 2024,17337,135788
82,Elon Musk (Parody),"After $DOGE , #SHIB  , $PEPE &amp; $BONK

WHO IS NEXT #100x #memecoin IN NEXT #bullrun ??? https://t.co/Yu2PBSqX0E",Wed Mar 13 07:48:33 +0000 2024,883,5738
83,Anonymous,"""Elon Musk is smart! He's a great businessman!"" https://t.co/KgL7iRqUF7",Thu Feb 01 17:17:26 +0000 2024,428,3192
84,Anonymous,"Elon Musk is the far right's George Soros. 
Fun fact: Elon has way more money than George Soros.
Elon Musk's net worth: 188.5Â billion USD
George Soros Net worth: 6.7Â billion USD
No wonder why we haven't gotten our DEEP STATE commie Soros Bucks in a while. https://t.co/gQkPLCkMe6",Tue Mar 19 11:22:52 +0000 2024,243,1532
85,Elon Musk,https://t.co/3Vj6pcTa4I,Tue Mar 19 09:26:23 +0000 2024,29038,157645
86,Elon Musk,"This is actually happening!
 https://t.co/qeNBu3S1mF",Tue Mar 19 10:11:06 +0000 2024,143921,378092
87,S.L. Kanthan,"2011: Elon Musk couldnâ€™t stop laughing when the interviewer asked if BYD is a competitor.

Q4 2023: BYD surpassed Tesla as the worldâ€™s #1 EV maker (in unit sales).

And now Elon wants tariffs to protect the US market from the Chinese cars that he once laughed at. https://t.co/MYuUlO0rKC",Thu Jan 25 19:53:39 +0000 2024,1547,7652
88,Republicans against Trump,"Remember when Elon Musk promised to get rid of the bots on Twitter? 

It has never been this bad. https://t.co/XE6gTDKNQg",Mon Feb 19 18:40:28 +0000 2024,1498,12812
89,Matt Wallace,"ğŸš¨ Elon Musk has officially endorsed Donald Trump for president by posting a video of Joe Rogan endorsing Donald Trump ğŸš¨
 https://t.co/ABqw6R1O8X",Wed Mar 13 08:42:23 +0000 2024,3792,28965
90,DogeDesigner,"""Doge is the people's crypto. Lots of rich people were supporting Bitcoin, but I was like, If the people in the line want me to support Dogecoin, I will support Dogecoin""

ä¸€ Elon Musk https://t.co/FK2WvOGjXQ",Thu Mar 14 10:14:02 +0000 2024,767,3368
91,Elon Musk,@BillAckman @AOC AOC being hounded by leftists to condemn Israel https://t.co/aFVRjmuSaI,Tue Mar 19 12:41:20 +0000 2024,492,3772
92,Sir Doge of the Coin âš”ï¸,Elon Musk when he sees a positive mainstream article about himself https://t.co/iTWrWw6KC8,Fri Jan 19 14:26:26 +0000 2024,1282,22495
93,Concerned Citizen,"ğŸš¨ğŸ‡µğŸ‡± Poland Riots

Elon Musk suggested Europe is heading towards Civil war.

This is what the start of it looks like - scenes like this from Poland are being repeated across Europe. https://t.co/2UqZU0cdrY",Wed Mar 06 18:08:53 +0000 2024,9928,20996
94,679 Enthusiast,"Remember when Elon Musk unbanned a guy (Dom Lucre) for posting literal CSAM? Well apparently posting Stonetossâ€™ real name is worse than posting CSAM, according to Elon Musk https://t.co/GYT43FRCD9",Fri Mar 15 22:38:22 +0000 2024,4017,20064
95,Elon Musk (Parody),#Bullrun2024 incoming ğŸ’¥ğŸš€ https://t.co/IJ3FKroiGm,Sun Feb 11 04:19:16 +0000 2024,815,4631
96,DogeDesigner,"Don Lemon asked Elon Musk about his personal medical prescription in a public interview. Elon was kind enough to answer him. 

Shame on you Donâ—

ğŸ“¹ youtube/thedonlemonshow https://t.co/Lr3FU4VrBt",Mon Mar 18 11:38:26 +0000 2024,481,5769
97,Brian Allen,Just in: ğŸ”¥ğŸ”¥The relatives of Justice Ruth Bader Ginsburg have publicly criticized the decision to award Elon Musk and Rupert Murdoch with the RBG Leadership Award. https://t.co/B8KLWpvj4X,Fri Mar 15 15:54:47 +0000 2024,1456,5886
98,Historic Vids,Elon Musk 2007 https://t.co/DZv7L6BBjW,Tue Feb 20 17:50:00 +0000 2024,1972,17298
99,DogeDesigner,Elon Musk talked about T.I.T.S and A.S.S on ğ•-Space ğŸ¤£ https://t.co/U3Dmh1gjFI,Sun Mar 17 23:19:49 +0000 2024,1567,11264
100,Elon Musk,So hot rn https://t.co/K4YjoWmS8i,Thu Jan 18 17:37:35 +0000 2024,91513,956282
101,Hombre Gris,CampaÃ±a Masiva de LIKES Y COMENTARIOS para apoyar a Elon Musk y enfurecer a los K ğŸ‘Š https://t.co/kYZqRCEstZ,Thu Jan 18 19:46:43 +0000 2024,3479,14818
102,Science,Elon Musk ğŸ§ ğŸš€ https://t.co/2KUIDTbUh5,Mon Jan 01 12:33:03 +0000 2024,4389,66968
103,Elon Musk,"Wow, I didnâ€™t know Elizabeth Warren was at Davos
 https://t.co/q9FwDDx3Z8",Thu Jan 18 01:27:31 +0000 2024,26634,208998
104,Elon Musk,"Good explanation of what makes countries more or less prosperous 
 https://t.co/D254kMpgDh",Thu Jan 18 06:15:33 +0000 2024,68299,324721
105,Elon Musk,https://t.co/9wp0r7aoLA,Thu Jan 18 21:25:51 +0000 2024,14071,149333
106,evan loves worf,Elon Musk is a fucking Nazi https://t.co/3wBK7YgxPJ,Thu Jan 18 06:28:32 +0000 2024,3460,63493
107,Elon Musk (Parody),"Yemen looks unreal during this protest ğŸ˜³ğŸ˜³ğŸ˜³

Send me to Mars already

https://t.co/R8ZcEjeSsB",Fri Jan 12 21:50:20 +0000 2024,4614,22764
108,Elon Musk (Parody),"Whoever did this is a marketing GENIUSâ€¦

Should I hire them at Tesla? https://t.co/O4mQpaAWNm",Wed Jan 17 07:37:18 +0000 2024,455,4997
109,Elon Musk,https://t.co/5NGs8ACv6c,Thu Jan 18 17:59:19 +0000 2024,29346,379411
110,ClarÃ­n,Elon Musk subiÃ³ a X el discurso completo del Milei y lo elogiÃ³. La reacciÃ³n del Presidente: https://t.co/tV4NfUNGAD https://t.co/aOaYp4CqVA,Thu Jan 18 14:02:00 +0000 2024,426,2824
111,evan loves worf,Elon Musk is a Nazi holy shit https://t.co/Wqw91GzoW1,Wed Jan 10 05:08:25 +0000 2024,616,6370
112,DROSS,Javier Milei &amp; Elon Musk: Las fuerzas que mean a los zurdos desde el Cielo https://t.co/sh7GNJwvmE,Thu Jan 18 21:48:52 +0000 2024,1376,13454
113,Astronomiaum,"ğŸš¨NOTÃCIA: Elon Musk publica vÃ­deo de robÃ´ humanoide da Tesla dobrando roupas, imagina o futuro https://t.co/kN8mbEwIeX",Tue Jan 16 01:14:38 +0000 2024,370,6203
114,Elon Musk (Parody),"Drones are now delivering beerâ€¦

Should Tesla make this? https://t.co/EuniDNMjXF",Mon Jan 15 07:16:54 +0000 2024,861,6056
115,Alex Jones,"At the time, I traveled to New York to investigate Jeffrey Epsteinâ€™s sex slavery lair; this was censored on every platform. Now available, thanks to Elon Musk unblocking me on X! 

See the censored video I shot several years ago of Epsteinâ€™s NY sex dungeon https://t.co/juT06IyU3b",Tue Jan 02 16:56:46 +0000 2024,16052,55381
116,Elon Musk (Parody),Woman loses her dog during Tornado and finds him LIVE on an interview â¤ï¸ https://t.co/zWNkrpZ85U,Sun Jan 14 02:41:15 +0000 2024,2088,16486
117,Elon Musk (Parody),"I care about the United States of America. 

I care about humanity.

I care about free speech. 

Itâ€™s the reason I do everything that I do.

I want to see a beautiful, optimistic world. 

Everyday, I will continue to fight for whatâ€™s right. 

No matter what. https://t.co/qAuYU8C2dw",Wed Jan 10 19:28:05 +0000 2024,863,6322
118,Alex Jones,"Whatever happens to me first will then happen to anybody fighting the globalists whether it's Donald Trump, Elon Musk, or you name it.

That's why this broadcast is so important. They see in it what a vampire sees in the sun. Their destruction. https://t.co/bazAi7KJ1P",Fri Jan 12 18:50:45 +0000 2024,2923,10922
119,Elon Musk,Grok roasts Klaus Schwab at WEF https://t.co/zzpaNTWnKm,Thu Jan 18 06:37:39 +0000 2024,22904,109701
120,News7 Tamil,"NewYear à®ªà®°à®¿à®šà¯ à®•à®¾à®¤à¯à®¤à®¿à®°à¯à®•à¯à®•à®¿à®±à®¤à¯

#XTwitter | #Like | #NewYear2024 | #NewYearsEve | #Elon_Musk | #HappyNewYear | #HappyNewYear2024 | #HappyNewYear24 | #News7Tamil | #News7TamilUpdates https://t.co/SfOPEi9bpt",Mon Jan 01 10:26:12 +0000 2024,238,27258
121,Tuch Kriz,Elon musk has changed the like button to celebrate the new year with Fireboy DML. Just like this tweet. #HappyNewYear https://t.co/JVcJVLDy0h,Mon Jan 01 11:12:46 +0000 2024,19,531
122,DrTallingerâ„¢,"Parallellt med att klaga pÃ¥ hÃ¶gerns fÃ¶rskrÃ¤ckliga ""ton"" pÃ¥ X Ã¶nskar vÃ¤nsterprofilen att Elon Musk dÃ¶r pÃ¥ det ""maximalt poetiska sÃ¤ttet"" att han brÃ¤nns upp levande under svÃ¥ra plÃ¥gor.
Jag tÃ¤nker osÃ¶kt pÃ¥ hur Hamas brÃ¤nde judiska kvinnor levande den 7/10.
Var har hon fÃ¥tt sin https://t.co/tP3DsGYYRu",Mon Jan 01 12:07:36 +0000 2024,134,980
123,Elon Musk,https://t.co/2lJjn9yKra,Mon Jan 01 05:55:09 +0000 2024,28357,238994
124,Gravity Empire ğŸğŸ‘‘,Elon Musk has changed the Like Button to multi-color #HappyNewYearâ€¯â€¯â€¯â¤ï¸ https://t.co/Phsy4DQd4F,Mon Jan 01 00:29:01 +0000 2024,87,10491
125,"DUKE OF SIAYA , Gem Yala MP 2027","ğŸš¨BREAKING: Elon Musk has changed the like button to a new animation to celebrate the New Year. Like this to see #HappyNewYearâ€¯â€¯â€¯

Christina Shusho Old Mutual Taiwan Iran Somali Tony Blair Churchill Uhuru Kenyatta #KenyaVsNigeria #Kenya #HappyNewYear2024 #HappyNewYear https://t.co/NHNPVornCD",Mon Jan 01 05:00:45 +0000 2024,23,1977
126,ğ‰ğ®ğğğšğ¡ï£¿â„¢,"Elon Musk has added a ""Happy New Year animation to the like button"" 

#HappyNewYear https://t.co/btPFP2Jo9n",Mon Jan 01 05:12:48 +0000 2024,20,3413
127,Not Elon Musk,Happy New Year https://t.co/WIdByUBoZG,Mon Jan 01 01:23:32 +0000 2024,358,4092
128,Musk University | Quotes (parody),"ğŸ’¯

| Elon Musk https://t.co/GkxNopi1zU",Mon Jan 01 03:08:52 +0000 2024,145,706
129,elon musk (fans),"""My mother is my hero. Much of my success can be attributed to her upbringing and her independent character."" --- @elonmusk ğŸŒ·ğŸŒº

pic @elonmuskDC https://t.co/ormBIhfJQb",Mon Jan 01 03:11:39 +0000 2024,61,615
130,Tesla Owners Silicon Valley,"â€œEngineering is the closest thing to magic that exists in the world.â€
Elon Musk  https://t.co/24Zf3OI9MW",Mon Jan 01 03:40:00 +0000 2024,337,3135
131,Tesla Owners Silicon Valley,"â€œNo, I don't care about the money. It's important to have a source of truthâ€
Elon Musk  https://t.co/kjtylpysCt",Mon Jan 01 05:58:25 +0000 2024,117,752
132,Mai Magaisa,""" If you hate him go f*ck yourself ."" In Elon musk  voice .

ğŸ  .every wink D fan  Retweet  ğŸ”„ let hit 100 retweet .ğŸ’¥ https://t.co/YaeC4Pn72J",Mon Jan 01 08:12:10 +0000 2024,496,1197
133,Elon Musk (Parody),"If youâ€™re curious, hereâ€™s how you cut a gigantic block of cheeseâ€¦ https://t.co/FV6pzca7w5",Mon Jan 01 10:13:20 +0000 2024,233,1876
134,Tesla Owners Silicon Valley,"""My mind often feels like a very wild storm. I have more ideas than I can possibly execute.â€

Elon Musk https://t.co/UaV1whWFKd",Mon Jan 01 03:32:11 +0000 2024,316,2813
135,Tesla Owners Silicon Valley,"2024 will be the year of free speech taking further steps in the USA because of ğ• and Elon Musk

â€œOffer me money, offer me power, I don't care. I'll say what I want to say, and if the consequence is losing money, so be it.â€ https://t.co/rl07pLXBdE",Mon Jan 01 05:59:53 +0000 2024,404,2552
136,Tesla Owners Silicon Valley,"""Having a public platform that is maximally trusted and broadly inclusive is extremely import to the future of civilizationâ€¦ I don't care about the economics at all"" 
Elon Musk  https://t.co/LXULa6QA26",Mon Jan 01 05:58:56 +0000 2024,175,1048
137,Elon Musk ( Parody ),"The people in Netherlands have had enough. 

The company which is owned by Bill Gates has been set on fire. 

Subscribe and share &gt;&gt; S E E | Secret History https://t.co/phuyGsfvUP",Mon Jan 01 00:45:24 +0000 2024,5768,23307
138,ğ‘ğ¨ğ³ğšğ©ğğ©ğ©ğğ« ğŸ‡³ğŸ‡¬,Wow...Elon musk has changed the like button to multi-color #HappyNewYear https://t.co/QWN1O0hV8q,Mon Jan 01 02:00:36 +0000 2024,3,350
139,Not Elon Musk,What should we cheers to? https://t.co/nE2geG0wX9,Mon Jan 01 09:46:57 +0000 2024,103,1052
140,TheSonOfWalkley,"BREAKING: ELON MUSK SAYS THAT 2024 WILL BE â€œEVEN MORE CRAZYâ€ ğŸ¤¯

Sure hope he means crazy in a good way! $TSLA https://t.co/mmgHuwtdBZ",Mon Jan 01 00:16:46 +0000 2024,10,250
141,Elon Musk,@Admanresults Wait for it â€¦,Mon Jan 01 00:06:16 +0000 2024,162,3760
142,Elon Musk,@WallStreetSilv 2024 is gonna be even more crazy is my prediction,Mon Jan 01 00:05:53 +0000 2024,2202,16172
143,Tesla Owners Silicon Valley,BREAKING: Elon Musk says 2024 is going to be lit ğŸ”¥,Mon Jan 01 00:17:48 +0000 2024,45,501
144,BORED,"Going private for a while as an experiment. If you see this, I love you.",Mon Jan 01 00:27:22 +0000 2024,1,827
145,Ricky Bobby,ğŸš¨BREAKING: Elon Musk has changed the like button to a new animation to celebrate the New Year. Like this to see #HappyNewYear,Mon Jan 01 00:09:18 +0000 2024,5,493
